signature_id,timestamp,label,path,type
ea8a50fd,2018-03-23 10:55:01+08:00,en,original/ea8a50fd-en.json,genuine
6083f0af,2018-03-23 10:55:53+08:00,en,original/6083f0af-en.json,genuine
cc386656,2018-03-23 10:56:06+08:00,en,original/cc386656-en.json,genuine
d732dab2,2018-03-23 11:02:05+08:00,en,original/d732dab2-en.json,genuine
50fc886e,2018-03-23 11:02:15+08:00,en,original/50fc886e-en.json,genuine
c13b56b4,2018-03-23 11:02:26+08:00,en,original/c13b56b4-en.json,genuine
5b4a4280,2018-03-23 11:02:38+08:00,en,original/5b4a4280-en.json,genuine
e42a701e,2018-03-23 11:02:49+08:00,en,original/e42a701e-en.json,genuine
69573a8e,2018-03-23 11:02:58+08:00,en,original/69573a8e-en.json,genuine
9d6443a7,2018-03-23 11:03:09+08:00,en,original/9d6443a7-en.json,genuine
daa8a843,2018-03-23 11:03:27+08:00,en,original/daa8a843-en.json,genuine
38f4fb71,2018-03-23 11:03:46+08:00,en,original/38f4fb71-en.json,genuine
208f7a55,2018-03-23 11:03:58+08:00,en,original/208f7a55-en.json,genuine
97cee0b3,2018-03-23 14:15:11+08:00,en,original/97cee0b3-en.json,genuine
66c4d70f,2018-03-23 14:18:15+08:00,en,original/66c4d70f-en.json,genuine
f7a75e00,2018-03-23 14:18:34+08:00,en,original/f7a75e00-en.json,genuine
c73a15d5,2018-03-23 14:18:56+08:00,en,original/c73a15d5-en.json,genuine
f4845217,2018-03-23 14:19:09+08:00,en,original/f4845217-en.json,genuine
d424ea06,2018-03-23 14:19:22+08:00,en,original/d424ea06-en.json,genuine
a904f341,2018-03-23 14:19:46+08:00,en,original/a904f341-en.json,genuine
180fadfb,2018-03-23 14:19:57+08:00,en,original/180fadfb-en.json,genuine
91859577,2018-03-23 14:20:07+08:00,en,original/91859577-en.json,genuine
8de47fdd,2018-03-23 14:20:22+08:00,en,original/8de47fdd-en.json,genuine
8a0463f2,2018-03-23 19:32:44+08:00,en,original/8a0463f2-en.json,genuine
199c052f,2018-03-23 19:33:02+08:00,en,original/199c052f-en.json,genuine
647f015e,2018-03-23 19:33:12+08:00,en,original/647f015e-en.json,genuine
86c77100,2018-03-23 19:33:29+08:00,en,original/86c77100-en.json,genuine
511a7c87,2018-03-23 19:33:39+08:00,en,original/511a7c87-en.json,genuine
c73f99e9,2018-03-23 19:33:50+08:00,en,original/c73f99e9-en.json,genuine
f7ea92b8,2018-03-23 19:34:07+08:00,en,original/f7ea92b8-en.json,genuine
10e22056,2018-03-23 19:34:18+08:00,en,original/10e22056-en.json,genuine
edf4b30b,2018-03-23 19:34:35+08:00,en,original/edf4b30b-en.json,genuine
0a94ee95,2018-03-23 19:34:44+08:00,en,original/0a94ee95-en.json,genuine
999cc538,2018-03-23 19:35:00+08:00,en,original/999cc538-en.json,genuine
b4aa580b,2018-03-30 17:00:37+08:00,,original/b4aa580b-.json,genuine
bf8f2168,2018-03-30 17:01:54+08:00,,original/bf8f2168-.json,genuine
b786268f,2018-03-30 17:02:04+08:00,,original/b786268f-.json,genuine
281da266,2018-03-30 17:02:13+08:00,,original/281da266-.json,genuine
fb18ee9e,2018-03-30 17:02:23+08:00,,original/fb18ee9e-.json,genuine
087538c6,2018-03-30 17:02:32+08:00,,original/087538c6-.json,genuine
73609527,2018-03-30 17:02:40+08:00,,original/73609527-.json,genuine
7355f49f,2018-03-30 17:02:49+08:00,,original/7355f49f-.json,genuine
c39c3c2e,2018-03-30 17:02:57+08:00,,original/c39c3c2e-.json,genuine
111448f5,2018-03-30 17:03:06+08:00,,original/111448f5-.json,genuine
a55a3a1b,2018-03-30 17:03:18+08:00,,original/a55a3a1b-.json,genuine
a4282dd4,2018-03-30 17:03:27+08:00,,original/a4282dd4-.json,genuine
ef99b9a9,2018-03-30 17:03:36+08:00,,original/ef99b9a9-.json,genuine
1a428674,2018-03-30 17:03:43+08:00,,original/1a428674-.json,genuine
ef7b8d15,2018-03-30 17:03:51+08:00,,original/ef7b8d15-.json,genuine
49ec2f66,2018-03-31 12:05:27+08:00,,original/49ec2f66-.json,genuine
15ff37fc,2018-03-31 12:05:37+08:00,,original/15ff37fc-.json,genuine
f75899e9,2018-03-31 12:05:46+08:00,,original/f75899e9-.json,genuine
f3a77cdb,2018-03-31 12:05:55+08:00,,original/f3a77cdb-.json,genuine
bff092f2,2018-03-31 12:06:05+08:00,,original/bff092f2-.json,genuine
502d9270,2018-03-31 12:06:25+08:00,,original/502d9270-.json,genuine
9fe6d6a3,2018-03-31 12:06:41+08:00,,original/9fe6d6a3-.json,genuine
42a16185,2018-03-31 12:06:49+08:00,,original/42a16185-.json,genuine
1ec4f809,2018-03-31 12:06:58+08:00,,original/1ec4f809-.json,genuine
e62d7cb1,2018-03-31 12:07:11+08:00,,original/e62d7cb1-.json,genuine
78a213c8,2018-03-31 12:07:20+08:00,,original/78a213c8-.json,genuine
9b6a186b,2018-03-31 12:07:32+08:00,,original/9b6a186b-.json,genuine
faf56ab8,2018-03-31 12:07:40+08:00,,original/faf56ab8-.json,genuine
b793baf8,2018-03-31 12:07:48+08:00,,original/b793baf8-.json,genuine
d82f7c13,2018-03-31 12:07:58+08:00,,original/d82f7c13-.json,genuine
a55354b1,2018-03-31 12:08:07+08:00,,original/a55354b1-.json,genuine
6ac999cd,2018-03-31 12:08:24+08:00,,original/6ac999cd-.json,genuine
d64623d5,2018-03-31 12:08:46+08:00,,original/d64623d5-.json,genuine
d72c899f,2018-03-31 12:08:55+08:00,,original/d72c899f-.json,genuine
d28ab1da,2018-03-31 12:09:07+08:00,,original/d28ab1da-.json,genuine
dfb1f3fa,2018-03-31 12:09:17+08:00,,original/dfb1f3fa-.json,genuine
2cec35d6,2018-03-31 12:09:26+08:00,,original/2cec35d6-.json,genuine
73302fd9,2018-03-31 12:09:36+08:00,,original/73302fd9-.json,genuine
e6dfbfcc,2018-03-31 12:09:45+08:00,,original/e6dfbfcc-.json,genuine
e102af7e,2018-03-31 12:09:55+08:00,,original/e102af7e-.json,genuine
08bcd56e,2018-03-31 12:10:04+08:00,,original/08bcd56e-.json,genuine
4fdf2938,2018-03-31 12:10:12+08:00,,original/4fdf2938-.json,genuine
d140e457,2018-03-31 12:10:21+08:00,,original/d140e457-.json,genuine
bc69db42,2018-03-31 12:10:34+08:00,,original/bc69db42-.json,genuine
ede3b7e1,2018-03-31 12:10:42+08:00,,original/ede3b7e1-.json,genuine
4c936319,2018-03-31 12:10:51+08:00,,original/4c936319-.json,genuine
8d125ceb,2018-03-31 12:11:00+08:00,,original/8d125ceb-.json,genuine
2b1199a0,2018-03-31 12:11:11+08:00,,original/2b1199a0-.json,genuine
9e06dfcb,2018-03-31 12:11:28+08:00,,original/9e06dfcb-.json,genuine
e5000058,2018-03-31 12:11:36+08:00,,original/e5000058-.json,genuine
e1ac452d,2018-03-31 12:11:45+08:00,,original/e1ac452d-.json,genuine
4c18c32d,2018-03-31 12:11:53+08:00,,original/4c18c32d-.json,genuine
69af9afd,2018-03-31 12:12:32+08:00,,original/69af9afd-.json,genuine
25b11c20,2018-03-31 12:12:41+08:00,,original/25b11c20-.json,genuine
dc3b10cd,2018-03-31 12:12:50+08:00,,original/dc3b10cd-.json,genuine
681ffb51,2018-03-31 12:12:58+08:00,,original/681ffb51-.json,genuine
0bf17c7c,2018-03-31 12:13:07+08:00,,original/0bf17c7c-.json,genuine
30567298,2018-03-31 12:13:23+08:00,,original/30567298-.json,genuine
5bcc7b4e,2018-03-31 12:13:35+08:00,,original/5bcc7b4e-.json,genuine
1f8c2dff,2018-03-31 12:13:43+08:00,,original/1f8c2dff-.json,genuine
06c254c4,2018-03-31 12:14:14+08:00,,original/06c254c4-.json,genuine
edaf8705,2018-03-31 12:14:21+08:00,,original/edaf8705-.json,genuine
649112e9,2018-03-31 12:14:29+08:00,,original/649112e9-.json,genuine
e95fe63c,2018-03-31 12:14:37+08:00,,original/e95fe63c-.json,genuine
ec5ddc2d,2018-03-31 12:14:45+08:00,,original/ec5ddc2d-.json,genuine
e5b25f2f,2018-03-31 12:14:54+08:00,,original/e5b25f2f-.json,genuine
300c5377,2018-03-31 12:15:01+08:00,,original/300c5377-.json,genuine
68c4e54e,2018-03-31 12:15:12+08:00,,original/68c4e54e-.json,genuine
c7bfcbc0,2018-03-31 12:15:21+08:00,,original/c7bfcbc0-.json,genuine
0a4c0838,2018-03-31 12:15:29+08:00,,original/0a4c0838-.json,genuine
4cccc994,2018-03-31 12:15:38+08:00,,original/4cccc994-.json,genuine
eaf2b5ee,2018-03-31 12:15:49+08:00,,original/eaf2b5ee-.json,genuine
933786b6,2018-03-31 12:15:59+08:00,,original/933786b6-.json,genuine
23c89af1,2018-03-31 12:16:08+08:00,,original/23c89af1-.json,genuine
ad60adb6,2018-03-31 12:16:24+08:00,,original/ad60adb6-.json,genuine
ca067fda,2018-03-31 12:16:46+08:00,,original/ca067fda-.json,genuine
3a1faa99,2018-03-31 12:16:56+08:00,,original/3a1faa99-.json,genuine
14f7e8b7,2018-03-31 12:17:05+08:00,,original/14f7e8b7-.json,genuine
9dfbd7da,2018-03-31 12:17:14+08:00,,original/9dfbd7da-.json,genuine
a867e390,2018-03-31 12:17:25+08:00,,original/a867e390-.json,genuine
5af741bc,2018-03-31 12:17:34+08:00,,original/5af741bc-.json,genuine
a9bea7d7,2018-03-31 12:17:51+08:00,,original/a9bea7d7-.json,genuine
c6be6906,2018-03-31 12:18:00+08:00,,original/c6be6906-.json,genuine
da29d262,2018-03-31 12:18:08+08:00,,original/da29d262-.json,genuine
4a28a78b,2018-03-31 12:18:17+08:00,,original/4a28a78b-.json,genuine
658c5964,2018-03-31 12:18:37+08:00,,original/658c5964-.json,genuine
01ec793b,2018-03-31 12:19:01+08:00,,original/01ec793b-.json,genuine
69f3b5a8,2018-03-31 12:19:47+08:00,,original/69f3b5a8-.json,genuine
048191e0,2018-03-31 12:20:00+08:00,,original/048191e0-.json,genuine
1eaaeae8,2018-03-31 12:20:31+08:00,,original/1eaaeae8-.json,genuine
61aea6d2,2018-03-31 12:20:44+08:00,,original/61aea6d2-.json,genuine
1948cbc5,2018-03-31 12:20:56+08:00,,original/1948cbc5-.json,genuine
c1a8ccd2,2018-03-31 12:21:09+08:00,,original/c1a8ccd2-.json,genuine
e00b5e16,2018-03-31 12:21:21+08:00,,original/e00b5e16-.json,genuine
d27a4625,2018-03-31 12:21:29+08:00,,original/d27a4625-.json,genuine
bea8261b,2018-03-31 12:21:40+08:00,,original/bea8261b-.json,genuine
5bbab98c,2018-03-31 12:21:50+08:00,,original/5bbab98c-.json,genuine
c080cd9a,2018-03-31 12:21:58+08:00,,original/c080cd9a-.json,genuine
83860aa6,2018-03-31 12:22:07+08:00,,original/83860aa6-.json,genuine
86cb5dc3,2018-03-31 12:22:23+08:00,,original/86cb5dc3-.json,genuine
21a0905b,2018-03-31 12:40:38+08:00,,original/21a0905b-.json,genuine
c0d09d0f,2018-03-30 17:06:10+08:00,ef7b8d15,original/c0d09d0f-ef7b8d15.json,forged
79eae9cc,2018-03-30 17:06:34+08:00,ef7b8d15,original/79eae9cc-ef7b8d15.json,forged
6626f7f1,2018-03-30 17:06:53+08:00,ef7b8d15,original/6626f7f1-ef7b8d15.json,forged
612c8017,2018-03-30 17:07:03+08:00,ef7b8d15,original/612c8017-ef7b8d15.json,forged
85fda07a,2018-03-30 17:07:09+08:00,ef7b8d15,original/85fda07a-ef7b8d15.json,forged
22fc8157,2018-03-30 17:07:16+08:00,ef7b8d15,original/22fc8157-ef7b8d15.json,forged
7a6ecdd8,2018-03-30 17:07:22+08:00,ef7b8d15,original/7a6ecdd8-ef7b8d15.json,forged
0703ffc6,2018-03-31 12:31:05+08:00,86cb5dc3,original/0703ffc6-86cb5dc3.json,forged
57ef41f5,2018-03-31 12:41:39+08:00,86cb5dc3,original/57ef41f5-86cb5dc3.json,forged
1ba3ccdb,2018-03-31 12:41:47+08:00,86cb5dc3,original/1ba3ccdb-86cb5dc3.json,forged
96a13c7e,2018-03-31 12:41:55+08:00,86cb5dc3,original/96a13c7e-86cb5dc3.json,forged
8cb06bfb,2018-03-31 12:42:04+08:00,86cb5dc3,original/8cb06bfb-86cb5dc3.json,forged
1d5f68ff,2018-03-31 12:42:14+08:00,86cb5dc3,original/1d5f68ff-86cb5dc3.json,forged
9f66849b,2018-03-31 12:42:22+08:00,86cb5dc3,original/9f66849b-86cb5dc3.json,forged
9142ffcc,2018-03-31 12:42:31+08:00,86cb5dc3,original/9142ffcc-86cb5dc3.json,forged
3b6b2029,2018-03-31 12:42:41+08:00,86cb5dc3,original/3b6b2029-86cb5dc3.json,forged
45ecb049,2018-03-31 12:42:49+08:00,86cb5dc3,original/45ecb049-86cb5dc3.json,forged
7775f659,2018-03-31 12:43:00+08:00,86cb5dc3,original/7775f659-86cb5dc3.json,forged
cb108aee,2018-03-31 12:43:10+08:00,86cb5dc3,original/cb108aee-86cb5dc3.json,forged
b5a456f3,2018-03-31 12:43:18+08:00,86cb5dc3,original/b5a456f3-86cb5dc3.json,forged
9b261ebf,2018-03-31 12:43:26+08:00,86cb5dc3,original/9b261ebf-86cb5dc3.json,forged
ab1f0d06,2018-03-31 12:43:36+08:00,86cb5dc3,original/ab1f0d06-86cb5dc3.json,forged
a4b4f638,2018-03-31 12:43:50+08:00,86cb5dc3,original/a4b4f638-86cb5dc3.json,forged
4f2127d2,2018-03-31 12:44:21+08:00,86cb5dc3,original/4f2127d2-86cb5dc3.json,forged
3ea17fe0,2018-03-31 12:44:38+08:00,86cb5dc3,original/3ea17fe0-86cb5dc3.json,forged
12ba852d,2018-03-31 12:44:50+08:00,86cb5dc3,original/12ba852d-86cb5dc3.json,forged
621cf1fe,2018-03-31 12:44:58+08:00,86cb5dc3,original/621cf1fe-86cb5dc3.json,forged
7d86292a,2018-03-31 12:45:07+08:00,86cb5dc3,original/7d86292a-86cb5dc3.json,forged
38a30e4e,2018-03-31 12:45:17+08:00,86cb5dc3,original/38a30e4e-86cb5dc3.json,forged
be326e2e,2018-03-31 12:45:28+08:00,86cb5dc3,original/be326e2e-86cb5dc3.json,forged
d757e4d6,2018-03-31 12:45:48+08:00,86cb5dc3,original/d757e4d6-86cb5dc3.json,forged
ed171e2e,2018-03-31 12:45:57+08:00,86cb5dc3,original/ed171e2e-86cb5dc3.json,forged
4012a8a5,2018-03-31 12:46:07+08:00,86cb5dc3,original/4012a8a5-86cb5dc3.json,forged
7a056d9e,2018-03-31 12:46:16+08:00,86cb5dc3,original/7a056d9e-86cb5dc3.json,forged
351b2ebd,2018-03-31 12:46:23+08:00,86cb5dc3,original/351b2ebd-86cb5dc3.json,forged
d477963d,2018-03-31 12:46:30+08:00,86cb5dc3,original/d477963d-86cb5dc3.json,forged
676ba660,2018-03-31 12:46:48+08:00,86cb5dc3,original/676ba660-86cb5dc3.json,forged
37ab264f,2018-03-31 12:46:56+08:00,86cb5dc3,original/37ab264f-86cb5dc3.json,forged
ce2b2512,2018-03-31 12:47:06+08:00,86cb5dc3,original/ce2b2512-86cb5dc3.json,forged
4a5f0bea,2018-03-31 12:47:13+08:00,86cb5dc3,original/4a5f0bea-86cb5dc3.json,forged
33c8640b,2018-03-31 12:47:22+08:00,86cb5dc3,original/33c8640b-86cb5dc3.json,forged
aaf99be6,2018-03-31 12:47:29+08:00,86cb5dc3,original/aaf99be6-86cb5dc3.json,forged
96dfed3d,2018-03-31 12:47:57+08:00,86cb5dc3,original/96dfed3d-86cb5dc3.json,forged
063e5a9a,2018-03-31 12:48:17+08:00,86cb5dc3,original/063e5a9a-86cb5dc3.json,forged
1f4f45f8,2018-03-31 12:48:49+08:00,86cb5dc3,original/1f4f45f8-86cb5dc3.json,forged
e8ce3637,2018-03-31 12:49:08+08:00,86cb5dc3,original/e8ce3637-86cb5dc3.json,forged
a0e0848c,2018-03-31 12:49:17+08:00,86cb5dc3,original/a0e0848c-86cb5dc3.json,forged
017e091f,2018-03-31 12:49:22+08:00,86cb5dc3,original/017e091f-86cb5dc3.json,forged
d8b03f21,2018-03-31 12:49:55+08:00,86cb5dc3,original/d8b03f21-86cb5dc3.json,forged
2e23169e,2018-03-31 12:50:38+08:00,86cb5dc3,original/2e23169e-86cb5dc3.json,forged
9d842526,2018-03-31 12:50:47+08:00,86cb5dc3,original/9d842526-86cb5dc3.json,forged
4ceafdc0,2018-03-31 12:50:56+08:00,86cb5dc3,original/4ceafdc0-86cb5dc3.json,forged
528e6d2a,2018-03-31 12:51:06+08:00,86cb5dc3,original/528e6d2a-86cb5dc3.json,forged
6c9099a8,2018-03-31 12:51:16+08:00,86cb5dc3,original/6c9099a8-86cb5dc3.json,forged
0af58de9,2018-03-31 12:51:23+08:00,86cb5dc3,original/0af58de9-86cb5dc3.json,forged
bc9d9950,2018-03-31 12:51:29+08:00,86cb5dc3,original/bc9d9950-86cb5dc3.json,forged
0b064f09,2018-03-31 12:51:34+08:00,86cb5dc3,original/0b064f09-86cb5dc3.json,forged
6ff6d3a1,2018-03-31 12:51:39+08:00,86cb5dc3,original/6ff6d3a1-86cb5dc3.json,forged
630f0aec,2018-03-31 12:51:44+08:00,86cb5dc3,original/630f0aec-86cb5dc3.json,forged
0e9a2ad4,2018-03-31 12:51:49+08:00,86cb5dc3,original/0e9a2ad4-86cb5dc3.json,forged
f2cca281,2018-03-31 12:51:57+08:00,86cb5dc3,original/f2cca281-86cb5dc3.json,forged
3b17aa4d,2018-03-31 12:52:11+08:00,86cb5dc3,original/3b17aa4d-86cb5dc3.json,forged
324f42a2,2018-03-31 12:52:16+08:00,86cb5dc3,original/324f42a2-86cb5dc3.json,forged
b1145fed,2018-03-31 12:52:20+08:00,86cb5dc3,original/b1145fed-86cb5dc3.json,forged
5f4548a4,2018-03-31 12:52:31+08:00,86cb5dc3,original/5f4548a4-86cb5dc3.json,forged
5d983883,2018-03-31 12:52:44+08:00,86cb5dc3,original/5d983883-86cb5dc3.json,forged
7b7b7ae0,2018-03-31 12:52:51+08:00,86cb5dc3,original/7b7b7ae0-86cb5dc3.json,forged
4e5d9422,2018-03-31 12:52:56+08:00,86cb5dc3,original/4e5d9422-86cb5dc3.json,forged
ca49fc72,2018-03-31 12:53:11+08:00,86cb5dc3,original/ca49fc72-86cb5dc3.json,forged
a7880872,2018-03-31 12:53:21+08:00,86cb5dc3,original/a7880872-86cb5dc3.json,forged
fbde219c,2018-03-31 12:53:53+08:00,86cb5dc3,original/fbde219c-86cb5dc3.json,forged
c9baab13,2018-03-31 12:54:05+08:00,86cb5dc3,original/c9baab13-86cb5dc3.json,forged
9820d4d8,2018-03-31 12:54:13+08:00,86cb5dc3,original/9820d4d8-86cb5dc3.json,forged
72a6d30d,2018-03-31 12:54:21+08:00,86cb5dc3,original/72a6d30d-86cb5dc3.json,forged
d254d0fa,2018-03-31 12:54:44+08:00,86cb5dc3,original/d254d0fa-86cb5dc3.json,forged
d9267b86,2018-03-31 12:55:06+08:00,86cb5dc3,original/d9267b86-86cb5dc3.json,forged
ffe544dc,2018-03-31 14:54:27+08:00,21a0905b,original/ffe544dc-21a0905b.json,forged
b4b0bcac,2018-03-31 15:09:45+08:00,21a0905b,original/b4b0bcac-21a0905b.json,forged
82437810,2018-03-31 15:09:57+08:00,21a0905b,original/82437810-21a0905b.json,forged
243a097b,2018-03-31 15:10:09+08:00,21a0905b,original/243a097b-21a0905b.json,forged
1cccd98e,2018-03-31 15:10:28+08:00,21a0905b,original/1cccd98e-21a0905b.json,forged
97684bb8,2018-03-31 15:10:44+08:00,21a0905b,original/97684bb8-21a0905b.json,forged
